5/1/2019 8:00,Challenges and solutions in an acquisition of a Finance and Related Services firm,https://www.schroeder-inc.com/2016/04/29/finance-and-related-services-acquistion/
5/1/2019 12:00,See how we helped a custom woodworking company optimize operations-,https://www.schroeder-inc.com/2017/05/08/custom-woodworking-and-cabinets-company-lean-operations-optimization/
5/1/2019 18:00,An #ArtandScience positioning approach is essential to sustaining a competitive advantage:,https://www.schroeder-inc.com/2016/03/19/strategic-transformation/
5/2/2019 8:00,See our Equity Group Sector Analysis in a Non-Profit Food Industry Organization,https://www.schroeder-inc.com/2016/08/15/the-canadian-food-industry-council-equity-group-sector-analysis/
5/2/2019 12:00,Managing the growing & highly hazardous e-waste stream is a huge #environmental challenge:,https://www.schroeder-inc.com/2016/03/19/managing-e-waste-in-canada-presents-many-challenges-and-opportunities/
5/2/2019 18:00,Many organizations struggle to become successful #innovators. Learn how you can succeed:,https://www.schroeder-inc.com/2016/03/19/strategic-innovation-for-business-performance-the-art-and-science-of-transformation/
5/3/2019 8:00,More than 40% of major #mergers and acquistions fail to deliver a return to shareholders:,https://www.schroeder-inc.com/2016/03/18/the-art-and-science-success-formula-in-merger-acquisition/
5/3/2019 12:00,Complex #projects require an #ArtandScience approach to prevent project failure. See why:,https://www.schroeder-inc.com/2016/03/18/complex-projects-the-art-and-science/
5/3/2019 18:00,"""Sustainability is no longer an optional add-on to core business strategy. In order to remain competitive, companies are now expected to demonstrate responsible social and environmental behaviour. See how:""",https://www.schroeder-inc.com/2016/03/17/sustainability-as-good-business-avoiding-the-pitfalls-through-art-and-science/
5/4/2019 8:00,Firms that reap benefits from their #sustainability initiatives take a holistic approach:,https://www.schroeder-inc.com/2016/03/15/a-business-transformation-approach-to-sustainability-the-role-of-art-and-science/
5/4/2019 12:00,See how we helped a family business with a very unstructured organization structure and very little written definition of roles and responsibilities develop lean,https://www.schroeder-inc.com/2017/05/08/specialty-door-manufacturing-company-lean-operational-optimization/
5/4/2019 18:00,Learn about an #ArtandScience assessment tool used in the recruitment of #IT specialists:,https://www.schroeder-inc.com/2016/03/13/developing-a-skills-assessment-tool-for-specialist-jobs/
5/5/2019 8:00,See how we helped an #utility company prepare for deregulation:,https://www.schroeder-inc.com/2016/04/29/utility-company-preparing-for-deregulation/
5/5/2019 12:00,A KPMG survey conducted in 2014 found that 72% of companies worldwide were planning to increase their use of outsourcing in coming years. Read about developments in outsourcing,https://www.schroeder-inc.com/2017/01/27/developments-in-outsourcing-the-role-of-art-science/
5/5/2019 18:00,"New forms of #marketing have emerged, requiring a need to combine creativity & innovation:",https://www.schroeder-inc.com/2016/07/20/developments-in-marketing-and-sales-the-role-of-art-and-science/
5/6/2019 8:00,See how we helped a #manufacturing company determine operations potential & reduce costs:,https://www.schroeder-inc.com/2016/07/06/manufacturing-company-leanoperations-optimization/
5/6/2019 12:00,See how we helped a small #business by providing leadership-related #advisory services:,https://www.schroeder-inc.com/2016/07/05/small-family-business-leadership-related-advisory-services/
5/6/2019 18:00,See how we helped a non-profit #organization by providing executive #coaching:,https://www.schroeder-inc.com/2016/07/05/non-profit-organization-executive-coaching/
5/7/2019 8:00,See how we restructured a shared drive for better electronic content #management:,https://www.schroeder-inc.com/2016/06/27/accessibility-directorate-of-ontario-medeimri-shared-drive-restructuringfunctional-records-management-classification/
5/7/2019 12:00,Does your organization face similar problems? Read more to see how we helped this firm optimize operations.,https://www.schroeder-inc.com/2017/05/08/cooked-frozen-food-production-company-lean-operations-optimization/
5/7/2019 18:00,See how we helped a Teacher's Association w/ IT Support & System design:,https://www.schroeder-inc.com/2016/04/08/professional-teachers-association-it-support-and-systems-design-for-the-association-and-its-subgroups/
5/8/2019 8:00,See how we helped a non-profit #organization develop a #medical devices sector plan:,https://www.schroeder-inc.com/2016/04/08/non-profit-organization-devices-sector-plan/
5/8/2019 12:00,See our enterprise document and #records management project implementation plan for a client:,https://www.schroeder-inc.com/2016/04/08/lottery-enterprise-document-and-records-management-edrm-project-implementation-plan-pip-development-and-related-services/
5/8/2019 18:00,#Innovation isn’t easy - work alongside our trusted advisors to become/remain #competitive:,https://www.schroeder-inc.com/solutions/innovation-and-entrepreneurship/
5/9/2019 8:00,All our #business solutions are unique to you & custom-tailored to meet your specific needs:,http://www.schroeder-inc.com/solutions/
5/9/2019 12:00,See how we helped a major #transportation authority with their #strategic purchasing plan:,https://www.schroeder-inc.com/2016/04/08/greater-toronto-airports-authority-strategic-purchasing-plan/
5/9/2019 18:00,Read our program evaluation for a provincial government ministry,https://www.schroeder-inc.com/2016/04/08/provincial-government-ministry-program-evaluation/
5/10/2019 8:00,Unsure of what's next? Take our binoculars & we'll give you a holistic view of the journey:,https://www.schroeder-inc.com/our-story/
5/10/2019 12:00,Read how we developed a comprehensive operations optimization plan with multiple projects and goals for an engineered crane company,https://www.schroeder-inc.com/2017/05/08/engineered-crane-company-lean-operations-optimization/
5/10/2019 18:00,See how we helped a steel producer with change #management & organizational #restructuring:,https://www.schroeder-inc.com/2016/04/08/steel-producer-change-management-process-and-organizational-restructuring/
5/11/2019 8:00,"Our client wanted to achieve increased growth and profitability, but lacked a sound and well-thought out business plan in order to achieve growth. See how we helped:",https://www.schroeder-inc.com/2016/04/03/computer-management-growth-planning/
5/11/2019 12:00,Learn how social media is creating new opportunities and threats by changing the rules of engagement in business.,https://www.schroeder-inc.com/2016/03/19/developments-in-social-media-the-role-of-art-and-science/
5/11/2019 18:00,Read about how we created a HR strategy for a transportation manufacturing firm,https://www.schroeder-inc.com/2016/04/08/transportation-manufacturing-hr-strategy/
5/12/2019 8:00,Read how a non-profit health service provider met the demands of a growing user-base,https://www.schroeder-inc.com/2016/04/08/non-profit-health-service-provider-meeting-demands-of-growing-user-base/
5/12/2019 12:00,Adding value to a family-owned manufacturing company facing significant cash flow problems,https://www.schroeder-inc.com/2016/04/08/family-owned-manufacturing-turnaround/
5/12/2019 18:00,We surveyed our 567 LinkedIn contacts to explore ideas to use LinkedIn effectively for business. Read our insights:,https://www.schroeder-inc.com/2016/03/19/linkedin-as-a-business-tool-uses-and-perceptions/
5/13/2019 8:00,Our client was an up-and-coming high tech company facing a potential merger with a USA based company. See how we helped them transition through a successful merger:,https://www.schroeder-inc.com/2016/04/08/high-tech-merger-situation/
5/13/2019 12:00,Is your client segment or market changing? How do you optimize your operations to adapt with the change?,https://www.schroeder-inc.com/2017/05/08/customized-office-furniture-manufacturer-lean-operations-optimization/
5/13/2019 18:00,In need of a strategy to remain competitive? Let our experts help you succeed:,https://www.schroeder-inc.com/solutions/strategic-planning-and-consulting/
5/14/2019 8:00,Maintaining a competitive advantage in an environment as dynamic as the tech industry is difficult. See how we helped a large-scale software company maintain a leading edge position:,https://www.schroeder-inc.com/2016/04/08/large-scale-software-company-maintaining-leading-edge-position/
5/14/2019 12:00,How can a small family business grow strong strategically? Read our case,https://www.schroeder-inc.com/2016/04/08/small-family-business-growing-strong-strategically/
5/14/2019 18:00,"As a result of a departmental restructuring, IT job roles were redefined. To fill these new roles, we developed an assessment tool to assess the skill level of existing internal staff and external candidates. Learn more:",https://www.schroeder-inc.com/2016/03/18/developing-a-skills-assessment-tool-to-support-it/
5/15/2019 8:00,See how we helped a health organization with declining revenues expand its area of expertise,https://www.schroeder-inc.com/2016/04/08/non-profit-health-organization-expansion-of-area-of-expertise/
5/15/2019 12:00,See how we developed a strategic plan for a hospital's evolving genetics program:,https://www.schroeder-inc.com/2016/04/08/internationally-renowned-childrens-teaching-hospital-strategic-planning/
5/15/2019 18:00,See how we helped an educational facility with inadequate functionality in the system.,https://www.schroeder-inc.com/2016/04/08/educational-facility-making-best-use-of-investments/
5/16/2019 8:00,Read our evaluation and operational review of the municipal government,https://www.schroeder-inc.com/2016/04/08/municipal-government-evaluation-and-operational-review/
5/16/2019 12:00,Read our comprehensive assessment of a firm to manage & measure the performance of its service & revenue contracts,https://www.schroeder-inc.com/2016/04/08/greater-toronto-airports-authority-contract-performance-management/
5/16/2019 18:00,See our strategic and operational improvement solutions for a food manufacturer,https://www.schroeder-inc.com/2016/08/15/food-manufacturer-management-engagement/
5/17/2019 8:00,A good #communications strategy is crucial when undergoing organizational transformation:,https://www.schroeder-inc.com/2016/03/14/transformation-management-communications-as-change-lever/
5/17/2019 12:00,See our final and robust Concordance Table of Records that accurately represented our client:,https://www.schroeder-inc.com/2016/06/21/lottery-enterprise-documents-and-records-management-edrm-concordance-table-review-and-finalization/
5/17/2019 18:00,See how we helped a firm develop a Medical Devices Sector Business Plan,https://www.schroeder-inc.com/2016/04/08/london-economic-development-corporation-case-study-development-of-a-medical-devices-sector-business-plan/
5/18/2019 8:00,Read how we helped a manufacturer optimize its productivity and create awareness of the importance of continuous improvement,https://www.schroeder-inc.com/2017/01/27/custom-cabinets-manufacturer-productivity-optimization/
5/18/2019 12:00,Providing Opportunities for expansion and growth for our manufacturing enterprise client,https://www.schroeder-inc.com/2016/04/03/manufacturing-enterprise-rapid-growth/
5/18/2019 18:00,Want to implement/upgrade to a new #ERP system? Let our experts guide you through it:,https://www.schroeder-inc.com/solutions/erp-implementation/
5/19/2019 8:00,After analyzing the project requirements our consultants addressed the challenges presented by a heavy job machine firm and performed the following actions,https://www.schroeder-inc.com/2017/05/08/heavy-job-machine-shop-business-lean-operations-optimization/
5/19/2019 12:00,Read how we determined the operations optimization potential of a food services firm,https://www.schroeder-inc.com/2016/08/26/food-servicesfood-production-company-leanoperations-optimization/
5/19/2019 18:00,See how we helped a non-profit research #organization with transitions for employed workers:,https://www.schroeder-inc.com/2016/08/15/public-sector-organization-on-learning-transitions-for-employed-workers/
5/20/2019 8:00,The ability to #collaborate is a critical #success factor for organizations in all sectors:,https://www.schroeder-inc.com/2016/03/19/developments-in-collaboration-the-role-of-art-science/
5/20/2019 12:00,See how we helped change a health care facility w/ a traditional pension & benefits system:,https://www.schroeder-inc.com/2016/04/08/health-careservices-provider-adapting-to-meet-changing-staff-needs/
5/20/2019 18:00,Project-based working is an important tool for achieving key #business objectives:,https://www.schroeder-inc.com/2016/03/16/after-the-crisis-project-management-in-the-new-business-environment/
5/21/2019 8:00,See how we helped National Biotechnology organization w/ strategic human resources planning:,https://www.schroeder-inc.com/2016/04/08/national-biotechnology-human-resources-strategic-human-resources-planning/
5/21/2019 12:00,See how our actions helped increase quality management for the credit branch of a retail enterprise,https://www.schroeder-inc.com/2016/04/08/credit-branch-of-retail-enterprise-quality-assurance-of-services/
5/21/2019 18:00,Solutions for financial services competing in the global marketplace,https://www.schroeder-inc.com/2016/04/08/financial-services-competing-in-a-global-marketplace/
5/22/2019 8:00,Learn how we helped a manfucturing organization integrate information system and communication technology to remain competitive,https://www.schroeder-inc.com/2017/05/21/filter-manufacturer-erp-system-selection/
5/22/2019 12:00,"With your success in mind, our senior professionals can help increase the value of your organization by helping you design an effective program or to evaluation a current program of services and products.",https://www.schroeder-inc.com/solutions/business-planning-and-feasibility-analysis/ 
5/22/2019 18:00,Business services and products program design always begins with your organization’s strategy; are your programs’ goals and milestones alligned with organization’s objectives? We can help design an effective program for you today,https://www.schroeder-inc.com/solutions/program-design-and-evaluation/
5/23/2019 8:00,"If you and your organization are looking for a sound operational plan and management system, our expert consultants can help. Click to read more",https://www.schroeder-inc.com/solutions/operations-planning-and-management/ 
5/23/2019 12:00,Read what steps we took to help a printing company optimize its operations.,https://www.schroeder-inc.com/2017/11/02/trade-printing-company-lean-operations-optimization/
5/23/2019 18:00,Schroeder & Schroeder can help your organization with any of its transformation initiatives. We specialize in the “art & science” of transformation; helping organizations transform smoothly with lasting results.,https://www.schroeder-inc.com/solutions/transformation-strategy-analysis-and-planning/ 
5/24/2019 8:00,"Depending on its size, an organization today may have at least one, or in many cases several, transformation projects underway. Read how we can help you with it",https://www.schroeder-inc.com/solutions/business-results-and-performance-management/ 
5/24/2019 12:00,"Our many years of experience helps us come along side organizations who are having trouble with program and project management and governance and to tackle these hurdles, so as to guarantee higher project success and greater business impact.",https://www.schroeder-inc.com/solutions/program-and-project-management-and-governance/ 
5/24/2019 18:00,Transformation projects cannot afford to ignore the potential threats that spell disaster to a business. Our senior consultants can help create value within your organization by identifying risks and threats and providing plan of action to mitigate them.,https://www.schroeder-inc.com/solutions/risk-management/ 
5/25/2019 8:00,Read how we tackled these challenges to help a metal fabrication firm through ERP system selection process,https://www.schroeder-inc.com/2017/05/21/metal-fabrication-manufacturer-erp-system-selection-essentials/
5/25/2019 12:00,"In order to ensure your projects add to the competitiveness of your organization and do not waste unnecessary resources, you need strong Project Program Management and our consultants and project managers can help you acheive it.",https://www.schroeder-inc.com/solutions/program-and-project-alignment/ 
5/25/2019 18:00,"Our team of experienced personnel can do a rapid diagnostic, re-baseline the project and bring both the “art and science” needed to turn around the project.",https://www.schroeder-inc.com/solutions/project-turnaround/ 
5/26/2019 8:00,"With our proprietary Organizational Change Readiness Assessment System TM (OCRAS) we can assess your organization's current level of change readiness, and identify what needs to be done to maximize the success of your mission-critical transformations.",https://www.schroeder-inc.com/solutions/organizational-change-readiness-assessment-system/ 
5/26/2019 12:00,"Our proprietary Project Manager Assessment System TM (PMAS) is a holistic, tailored approach to assessing project management skills aimed at providing you with the right project manager to achieve project success.",https://www.schroeder-inc.com/solutions/project-manager-assessment-system/ 
5/26/2019 18:00,"With over 3 decades of experience, we have helped hundreds of teams and initiatives become more effective in obtaining their desired business results.",https://www.schroeder-inc.com/solutions/project-team-optimization/ 
5/27/2019 8:00,"If you are looking to achieve long lasting, healthy, and mutually beneficial relationships with suppliers and providers, we can help.",https://www.schroeder-inc.com/solutions/procurementcontract-performance-management/ 
5/27/2019 12:00,"Starting with strategy and moving smoothly to implementation, our “Art & Science” framework will enable your organization to achieve real growth and value creation.",https://www.schroeder-inc.com/industries/manufacturing-and-industry/ 
5/27/2019 18:00,"Our expert knowledge around the health care and science industries, coupled with our professional business solutions allow us to solve even the most pressing challenges that face your organization today.",https://www.schroeder-inc.com/industries/heath-care-and-life-sciences/ 
5/28/2019 8:00,"Learn how we helped a publication manufacturer increase productivity, profitability, and overall business performance.",https://www.schroeder-inc.com/2017/05/21/print-publication-manufacturer-erp-system-selection-essentials/
5/28/2019 12:00,Read about our past experience helping companies in the utilities and telecom industry.,https://www.schroeder-inc.com/industries/utilites-and-telecom/ 
5/28/2019 18:00,"From heightened fiscal concerns, shifting demographics, and privacy concerns, it is hard to navigate the changes that are necessary for effective governance, we can help Public ministries and agencies facing these challenges",https://www.schroeder-inc.com/industries/public-sector-and-non-profit-agencies/ 
5/29/2019 8:00,We offer solutions for a wide variety of complex problems in the energy and natural resource industries. Follow the link to learn more,https://www.schroeder-inc.com/industries/energy-and-natural-resources/ 
5/29/2019 12:00,Transformation projects are complex. Use our #ArtandScience approach for project success:,https://www.schroeder-inc.com/2016/03/19/preparing-an-organization-for-change/
5/29/2019 18:00,Read how a family Owned Manufacturing firm is reaching Higher Levels of Profitability,https://www.schroeder-inc.com/2016/04/08/small-business-family-owned-manufacturing-reaching-higher-levels-of-profitability/
5/30/2019 8:00,Read how we helped two organizations plan for cultural amalgamation as it prepares for an integration,https://www.schroeder-inc.com/2017/05/08/ontario-local-health-integration-network-new-culture-in-amalgamation/
5/30/2019 12:00,Business Turnarounds are challenging. For this critical period we can help your organization to minimize risk as much as possible.,https://www.schroeder-inc.com/solutions/business-turnarounds/ 
5/30/2019 18:00,Recycling and product stewardship are rapidly expanding areas of activities. Read more:,https://www.schroeder-inc.com/2016/03/15/trends-in-recycling-and-product-stewardship-a-case-for-enterprise-information-systems/
5/31/2019 8:00,Leading Transformation in the New Normal. Read more here:,https://www.schroeder-inc.com/2016/03/14/leading-transformation-in-the-new-normal-an-art-and-science-approach/
5/31/2019 12:00,Read about our Art and Science Approach to Strategic Risk Management,https://www.schroeder-inc.com/2016/03/12/an-art-and-science-approach-to-strategic-risk-management/
5/31/2019 18:00,See how we helpeda bottling industry firm discover opportunities for profitability improvement and improve its organization's efficiency and agility,https://www.schroeder-inc.com/2017/01/27/blow-molds-and-change-parts-supplier-to-the-bottle-manufacturing-and-bottling-industry-lean-operations-optimization/
